<?xml version="1.0" encoding="UTF-8"?>
<export version="D">
  <design>
    <source>C:\KiCad\5V regulator\5V regulator\5V regulator.sch</source>
    <date>7.11.2019 08:58:24</date>
    <tool>Eeschema (5.0.2)-1</tool>
    <sheet number="1" name="/" tstamps="/">
      <title_block>
        <title/>
        <company/>
        <rev/>
        <date/>
        <source>5V regulator.sch</source>
        <comment number="1" value=""/>
        <comment number="2" value=""/>
        <comment number="3" value=""/>
        <comment number="4" value=""/>
      </title_block>
    </sheet>
  </design>
  <components>
    <comp ref="U1">
      <value>LM7805_TO220</value>
      <footprint>Package_TO_SOT_THT:TO-220-3_Vertical</footprint>
      <datasheet>http://www.fairchildsemi.com/ds/LM/LM7805.pdf</datasheet>
      <libsource lib="Regulator_Linear" part="LM7805_TO220" description="Positive 1A 35V Linear Regulator, Fixed Output 5V, TO-220"/>
      <sheetpath names="/" tstamps="/"/>
      <tstamp>5DC2ACF0</tstamp>
    </comp>
    <comp ref="J2">
      <value>5V Output</value>
      <footprint>w_conn_screw:mors_2p</footprint>
      <datasheet>~</datasheet>
      <libsource lib="Connector" part="Screw_Terminal_01x02" description="Generic screw terminal, single row, 01x02, script generated (kicad-library-utils/schlib/autogen/connector/)"/>
      <sheetpath names="/" tstamps="/"/>
      <tstamp>5DC2B5ED</tstamp>
    </comp>
    <comp ref="J1">
      <value>9V Input</value>
      <footprint>w_conn_screw:mors_2p</footprint>
      <datasheet>~</datasheet>
      <libsource lib="Connector" part="Screw_Terminal_01x02" description="Generic screw terminal, single row, 01x02, script generated (kicad-library-utils/schlib/autogen/connector/)"/>
      <sheetpath names="/" tstamps="/"/>
      <tstamp>5DC2B6DA</tstamp>
    </comp>
    <comp ref="D1">
      <value>1N4003</value>
      <footprint>Diode_THT:D_DO-41_SOD81_P10.16mm_Horizontal</footprint>
      <datasheet>http://www.vishay.com/docs/88503/1n4001.pdf</datasheet>
      <libsource lib="Diode" part="1N4003" description="20V 1A General Purpose Rectifier Diode, DO-41"/>
      <sheetpath names="/" tstamps="/"/>
      <tstamp>5DC2BF54</tstamp>
    </comp>
    <comp ref="C1">
      <value>100uF</value>
      <footprint>Capacitor_THT:CP_Radial_D8.0mm_P3.50mm</footprint>
      <datasheet>~</datasheet>
      <libsource lib="Device" part="CP" description="Polarized capacitor"/>
      <sheetpath names="/" tstamps="/"/>
      <tstamp>5DC2DAC5</tstamp>
    </comp>
    <comp ref="C2">
      <value>0,1uF</value>
      <footprint>Capacitors_THT:C_Rect_L7.0mm_W2.5mm_P5.00mm</footprint>
      <datasheet>~</datasheet>
      <libsource lib="Device" part="C" description="Unpolarized capacitor"/>
      <sheetpath names="/" tstamps="/"/>
      <tstamp>5DC2DB32</tstamp>
    </comp>
    <comp ref="R2">
      <value>220</value>
      <footprint>Resistor_THT:R_Axial_DIN0207_L6.3mm_D2.5mm_P5.08mm_Vertical</footprint>
      <datasheet>~</datasheet>
      <libsource lib="Device" part="R" description="Resistor"/>
      <sheetpath names="/" tstamps="/"/>
      <tstamp>5DC3F439</tstamp>
    </comp>
    <comp ref="D2">
      <value>LED</value>
      <footprint>LED_THT:LED_D3.0mm</footprint>
      <datasheet>~</datasheet>
      <libsource lib="Device" part="LED" description="Light emitting diode"/>
      <sheetpath names="/" tstamps="/"/>
      <tstamp>5DC3F4BE</tstamp>
    </comp>
  </components>
  <libparts>
    <libpart lib="Connector" part="Screw_Terminal_01x02">
      <description>Generic screw terminal, single row, 01x02, script generated (kicad-library-utils/schlib/autogen/connector/)</description>
      <docs>~</docs>
      <footprints>
        <fp>TerminalBlock*:*</fp>
      </footprints>
      <fields>
        <field name="Reference">J</field>
        <field name="Value">Screw_Terminal_01x02</field>
      </fields>
      <pins>
        <pin num="1" name="Pin_1" type="passive"/>
        <pin num="2" name="Pin_2" type="passive"/>
      </pins>
    </libpart>
    <libpart lib="Device" part="C">
      <description>Unpolarized capacitor</description>
      <docs>~</docs>
      <footprints>
        <fp>C_*</fp>
      </footprints>
      <fields>
        <field name="Reference">C</field>
        <field name="Value">C</field>
      </fields>
      <pins>
        <pin num="1" name="~" type="passive"/>
        <pin num="2" name="~" type="passive"/>
      </pins>
    </libpart>
    <libpart lib="Device" part="CP">
      <description>Polarized capacitor</description>
      <docs>~</docs>
      <footprints>
        <fp>CP_*</fp>
      </footprints>
      <fields>
        <field name="Reference">C</field>
        <field name="Value">CP</field>
      </fields>
      <pins>
        <pin num="1" name="~" type="passive"/>
        <pin num="2" name="~" type="passive"/>
      </pins>
    </libpart>
    <libpart lib="Device" part="LED">
      <description>Light emitting diode</description>
      <docs>~</docs>
      <footprints>
        <fp>LED*</fp>
        <fp>LED_SMD:*</fp>
        <fp>LED_THT:*</fp>
      </footprints>
      <fields>
        <field name="Reference">D</field>
        <field name="Value">LED</field>
      </fields>
      <pins>
        <pin num="1" name="K" type="passive"/>
        <pin num="2" name="A" type="passive"/>
      </pins>
    </libpart>
    <libpart lib="Device" part="R">
      <description>Resistor</description>
      <docs>~</docs>
      <footprints>
        <fp>R_*</fp>
      </footprints>
      <fields>
        <field name="Reference">R</field>
        <field name="Value">R</field>
      </fields>
      <pins>
        <pin num="1" name="~" type="passive"/>
        <pin num="2" name="~" type="passive"/>
      </pins>
    </libpart>
    <libpart lib="Diode" part="1N4001">
      <aliases>
        <alias>1N4002</alias>
        <alias>1N4003</alias>
        <alias>1N4004</alias>
        <alias>1N4005</alias>
        <alias>1N4006</alias>
        <alias>1N4007</alias>
        <alias>BA157</alias>
        <alias>BA158</alias>
        <alias>BA159</alias>
      </aliases>
      <description>50V 1A General Purpose Rectifier Diode, DO-41</description>
      <docs>http://www.vishay.com/docs/88503/1n4001.pdf</docs>
      <footprints>
        <fp>D*DO?41*</fp>
      </footprints>
      <fields>
        <field name="Reference">D</field>
        <field name="Value">1N4001</field>
        <field name="Footprint">Diode_THT:D_DO-41_SOD81_P10.16mm_Horizontal</field>
      </fields>
      <pins>
        <pin num="1" name="K" type="passive"/>
        <pin num="2" name="A" type="passive"/>
      </pins>
    </libpart>
    <libpart lib="Regulator_Linear" part="LM7805_TO220">
      <aliases>
        <alias>LM7806_TO220</alias>
        <alias>LM7808_TO220</alias>
        <alias>LM7809_TO220</alias>
        <alias>LM7810_TO220</alias>
        <alias>LM7812_TO220</alias>
        <alias>LM7815_TO220</alias>
        <alias>LM7818_TO220</alias>
        <alias>LM7824_TO220</alias>
        <alias>LM78M05_TO220</alias>
        <alias>SPX2920U-3.3_TO220</alias>
        <alias>SPX2920U-5.0_TO220</alias>
        <alias>LF15_TO220</alias>
        <alias>LF18_TO220</alias>
        <alias>LF25_TO220</alias>
        <alias>LF33_TO220</alias>
        <alias>LF50_TO220</alias>
        <alias>LF60_TO220</alias>
        <alias>LF80_TO220</alias>
        <alias>LF85_TO220</alias>
        <alias>LF120_TO220</alias>
        <alias>LF47_TO220</alias>
        <alias>LF90_TO220</alias>
        <alias>LM341T-05_TO220</alias>
        <alias>LM341T-12_TO220</alias>
        <alias>LM341T-15_TO220</alias>
        <alias>LM2937xT</alias>
      </aliases>
      <description>Positive 1A 35V Linear Regulator, Fixed Output 5V, TO-220</description>
      <docs>http://www.fairchildsemi.com/ds/LM/LM7805.pdf</docs>
      <footprints>
        <fp>TO?220*</fp>
      </footprints>
      <fields>
        <field name="Reference">U</field>
        <field name="Value">LM7805_TO220</field>
        <field name="Footprint">Package_TO_SOT_THT:TO-220-3_Vertical</field>
      </fields>
      <pins>
        <pin num="1" name="VI" type="power_in"/>
        <pin num="2" name="GND" type="power_in"/>
        <pin num="3" name="VO" type="power_out"/>
      </pins>
    </libpart>
  </libparts>
  <libraries>
    <library logical="Connector">
      <uri>C:\Program Files\KiCad\share\kicad\library/Connector.lib</uri>
    </library>
    <library logical="Device">
      <uri>C:\Program Files\KiCad\share\kicad\library/Device.lib</uri>
    </library>
    <library logical="Diode">
      <uri>C:\Program Files\KiCad\share\kicad\library/Diode.lib</uri>
    </library>
    <library logical="Regulator_Linear">
      <uri>C:\Program Files\KiCad\share\kicad\library/Regulator_Linear.lib</uri>
    </library>
  </libraries>
  <nets>
    <net code="1" name="Net-(D2-Pad2)">
      <node ref="R2" pin="2"/>
      <node ref="D2" pin="2"/>
    </net>
    <net code="2" name="Net-(C1-Pad2)">
      <node ref="J2" pin="2"/>
      <node ref="J1" pin="1"/>
      <node ref="U1" pin="2"/>
      <node ref="C1" pin="2"/>
      <node ref="C2" pin="2"/>
      <node ref="D2" pin="1"/>
    </net>
    <net code="3" name="/9V">
      <node ref="D1" pin="2"/>
      <node ref="J1" pin="2"/>
    </net>
    <net code="4" name="/5V">
      <node ref="R2" pin="1"/>
      <node ref="C2" pin="1"/>
      <node ref="U1" pin="3"/>
      <node ref="J2" pin="1"/>
    </net>
    <net code="6" name="Net-(C1-Pad1)">
      <node ref="D1" pin="1"/>
      <node ref="U1" pin="1"/>
      <node ref="C1" pin="1"/>
    </net>
  </nets>
</export>
